{
  "ticker": "BRAP4.SA",
  "avg_volume": 2019193.3333333333,
  "avg_price": 17.196333122253417,
  "liquidity": 34661219.59229151,
  "percentile": 9.63855421686747,
  "level": 1
}