{
  "ticker": "ENGI11.SA",
  "avg_volume": 2142540.0,
  "avg_price": 49.85500005086263,
  "liquidity": 106608074.80541229,
  "percentile": 50.602409638554214,
  "level": 5
}