{
  "ticker": "SBSP3.SA",
  "avg_volume": 3127923.3333333335,
  "avg_price": 128.31699829101564,
  "liquidity": 401838152.9290517,
  "percentile": 90.36144578313254,
  "level": 10
}